easting,northing,porosity,permeability,Poisson's ratio,Young's Modulus,water saturation,oil saturation,proppant weight (lbs),pump rate (cubic feet/min),time to pump stage (min),set time (min)
79100.0,93500.0,0.04,0.006,0.292,9144880.9,0.2731645059877309,0.7268354940122691,418415.3265525474,251.3621941333693,22.7,53.0
81062.0,93500.0,0.04,0.005,0.29,8751015.324,0.2434486895402013,0.7565513104597986,711237.544765978,253.4022781286775,38.3,80.0
83025.0,93500.0,0.03,0.004,0.28800000000000003,8356202.637999999,0.21414200444167814,0.7858579955583218,968966.1134624436,247.96001822729676,53.3,96.0
84987.0,93500.0,0.04,0.004,0.28600000000000003,7935047.526000001,0.18334633584682614,0.8166536641531739,458175.9002920383,333.6284013020922,18.7,142.0
86950.0,93500.0,0.03,0.004,0.284,7545850.371,0.1553854733958238,0.8446145266041762,365200.97661107493,313.29450938493017,15.9,145.0
