easting,northing,porosity,permeability,Poisson's ratio,Young's Modulus,water saturation,oil saturation,proppant weight (lbs),pump rate (cubic feet/min),time to pump stage (min),set time (min)
40400.0,9700.0,0.05,0.01,0.304,10934227.842,0.20330176958324267,0.7966982304167574,773535.9771032162,235.34484017003155,53.3,53.0
41488.0,9700.0,0.06,0.017,0.303,10922157.502999999,0.20404081568126609,0.7959591843187339,629064.8460298849,258.5505726545011,39.5,72.0
42576.0,9700.0,0.08,0.027999999999999997,0.302,10895884.884000001,0.20453322243497013,0.7954667775650299,1210644.059829425,271.9037766929132,72.3,80.0
43664.0,9700.0,0.1,0.046,0.302,10854398.62,0.20473566016367206,0.7952643398363279,594153.3465587788,291.0467125679303,33.1,110.0
44751.0,9700.0,0.05,0.012,0.301,10796262.149,0.2046053016508567,0.7953946983491433,445531.5612498379,211.77385992059828,34.1,99.0
45839.0,9700.0,0.06,0.013000000000000001,0.301,10727269.488,0.2041623200052131,0.7958376799947869,460869.0472255758,205.55004066336784,36.4,106.0
46927.0,9700.0,0.06,0.013999999999999999,0.3,10630981.021,0.20327870578342916,0.7967212942165709,719512.208064393,201.13961580715085,58.1,122.0
48015.0,9700.0,0.07,0.019,0.3,10509240.502999999,0.2019366845778111,0.7980633154221889,920603.1603187559,278.4443096838319,53.7,127.0
49103.0,9700.0,0.07,0.019,0.299,10355172.663999999,0.2000842660610863,0.7999157339389137,511642.1484637456,323.96469474332804,25.6,145.0
