easting,northing,porosity,permeability,Poisson's ratio,Young's Modulus,water saturation,oil saturation,proppant weight (lbs),pump rate (cubic feet/min),time to pump stage (min),set time (min)
18900.0,55200.0,0.03,0.002,0.31,10078758.277999999,0.041064678837536464,0.9589353211624636,1235274.013050583,321.5575267458719,51.3,51.0
21247.0,55200.0,0.03,0.004,0.299,10422847.006000001,0.0375063665275689,0.9624936334724312,654431.7403785195,253.53695757693944,34.4,80.0
23593.0,55200.0,0.02,0.002,0.29,10734910.363,0.035074413776429045,0.9649255862235708,359046.4221134928,344.2877340917432,13.9,119.0
25940.0,55200.0,0.01,0.0,0.282,10971201.896,0.03454649507792769,0.9654535049220724,1035311.4499937869,277.8807203398013,49.7,139.0
