easting,northing,porosity,permeability,Poisson's ratio,Young's Modulus,water saturation,oil saturation,proppant weight (lbs),pump rate (cubic feet/min),time to pump stage (min),set time (min)
85700.0,69300.0,0.05,0.009000000000000001,0.29600000000000004,9645724.683,0.1805142114862581,0.8194857885137419,530820.4221093393,366.9281986632869,20.0,52.0
86360.0,69300.0,0.03,0.004,0.294,9650059.258,0.1844061971547991,0.8155938028452009,603423.792726831,331.46882556219725,25.2,60.0
87019.0,69300.0,0.03,0.002,0.293,9652479.715,0.1873943206086608,0.8126056793913392,667057.5305341949,285.2003747746956,32.3,98.0
87679.0,69300.0,0.02,0.001,0.29100000000000004,9653687.296,0.1904350428393321,0.8095649571606679,289112.3946120647,330.459916051975,12.1,73.0
88338.0,69300.0,0.04,0.005,0.29,9653231.742,0.19261545826862286,0.8073845417313771,572209.7394647677,232.95639698043945,33.9,79.0
88998.0,69300.0,0.05,0.009000000000000001,0.28800000000000003,9650787.332999999,0.19458238461588045,0.8054176153841195,538226.8520861685,234.04840309758862,31.8,84.0
89657.0,69300.0,0.05,0.01,0.287,9645990.395,0.19578333400890696,0.8042166659910931,759306.8262030447,332.0340984861505,31.6,102.0
90317.0,69300.0,0.03,0.004,0.28600000000000003,9639681.837000001,0.19603713380725926,0.8039628661927407,616845.7800074408,301.63505471770395,28.3,98.0
90976.0,69300.0,0.0,0.0,0.285,9629757.691,0.1954375213123553,0.8045624786876446,288737.7879924359,305.7981762679942,13.0,103.0
