easting,northing,porosity,permeability,Poisson's ratio,Young's Modulus,water saturation,oil saturation,proppant weight (lbs),pump rate (cubic feet/min),time to pump stage (min),set time (min)
35624.0,80500.0,0.03,0.004,0.321,8558390.85,0.12568006668480666,0.8743199333151933,305860.7303239341,308.37077757022615,15.1,64.0
38098.0,80500.0,0.02,0.001,0.318,8460942.525,0.10033821985864147,0.8996617801413586,1181054.6932155662,335.7832668230725,53.6,112.0
