easting,northing,porosity,permeability,Poisson's ratio,Young's Modulus,water saturation,oil saturation,proppant weight (lbs),pump rate (cubic feet/min),time to pump stage (min),set time (min)
84200.0,73000.0,0.05,0.009000000000000001,0.297,9534072.797,0.16572796811083093,0.8342720318891691,907211.8437812688,258.7842530340729,45.6,51.0
85629.0,73000.0,0.03,0.003,0.294,9489562.21,0.1722904458976698,0.8277095541023302,525400.3603876868,315.4314628479285,21.7,83.0
87057.0,73000.0,0.03,0.003,0.29100000000000004,9437779.711000001,0.17758020073988648,0.8224197992601135,696822.8976578432,269.5885919952071,33.6,114.0
88486.0,73000.0,0.03,0.003,0.28800000000000003,9385610.194,0.1805868104379306,0.8194131895620694,759259.5399473109,417.8942582211685,23.6,100.0
89914.0,73000.0,0.04,0.005,0.28600000000000003,9329418.038999999,0.18134757188523115,0.8186524281147689,540178.8024136825,298.73600788419606,23.5,113.0
91343.0,73000.0,0.01,0.001,0.28300000000000003,9269093.321,0.17968010727525394,0.820319892724746,676632.1405732561,360.74117330453186,24.4,123.0
92772.0,73000.0,0.04,0.006,0.281,9200595.485,0.17554876540672898,0.8244512345932711,686265.0712198736,342.76338135675815,26.0,139.0
94200.0,73000.0,0.02,0.001,0.27899999999999997,9134034.016,0.1700834401810084,0.8299165598189916,755425.0158585381,315.99542081699093,31.1,167.0
