easting,northing,porosity,permeability,Poisson's ratio,Young's Modulus,water saturation,oil saturation,proppant weight (lbs),pump rate (cubic feet/min),time to pump stage (min),set time (min)
77600.0,83300.0,0.04,0.008,0.3,10020612.132000001,0.21240330617922007,0.7875966938207799,557128.1628961293,358.6786697620724,23.8,71.0
78570.0,83300.0,0.03,0.004,0.299,9886559.054,0.20717627163808286,0.7928237283619172,666059.8742965978,319.3414280434137,31.9,60.0
79540.0,83300.0,0.04,0.006999999999999999,0.297,9758164.004,0.20191090898155406,0.7980890910184459,220663.7727034976,274.63190274445907,12.3,70.0
80510.0,83300.0,0.06,0.013999999999999999,0.29600000000000004,9608765.2,0.19553855337237264,0.8044614466276274,613476.8181682958,259.24772753495097,36.2,80.0
81480.0,83300.0,0.05,0.013999999999999999,0.295,9454133.972000001,0.18871664245793413,0.8112833575420658,574540.2456129772,305.0116194966705,28.8,96.0
82450.0,83300.0,0.04,0.004,0.293,9296114.464,0.1815450548213228,0.8184549451786772,687772.7357122711,271.28957190445055,38.8,100.0
83420.0,83300.0,0.02,0.002,0.292,9152483.254,0.1748741391281498,0.8251258608718501,515932.5180854242,295.9134203082405,26.7,117.0
84390.0,83300.0,0.05,0.008,0.29100000000000004,8992947.526,0.1673156411197485,0.8326843588802515,1023490.6462566308,354.7324993494005,44.2,134.0
85361.0,83300.0,0.06,0.01,0.289,8835167.373,0.1597065011546507,0.8402934988453493,698989.438128383,289.08212200752615,37.0,135.0
